{
    "eye_infos": {
        "left_eye_info": {
            "top-left": [
                0.25538066661516134,
                8.285430419813103
            ],
            "top-right": [
                0.7277218873038495,
                8.285430419813103
            ],
            "bottom-right": [
                0.7277218873038495,
                7.885514852963347
            ],
            "bottom-left": [
                0.25538066661516134,
                7.885514852963347
            ]
        },
        "right_eye_info": {
            "top-left": [
                -0.25538066661516134,
                8.285430419813103
            ],
            "top-right": [
                -0.7277218873038495,
                8.285430419813103
            ],
            "bottom-right": [
                -0.7277218873038495,
                7.885514852963347
            ],
            "bottom-left": [
                -0.25538066661516134,
                7.885514852963347
            ]
        }
    }
}