{
    "eye_infos": {
        "left_eye_info": {
            "top-left": [
                0.29180345314791617,
                5.659311307758083
            ],
            "top-right": [
                0.756496691372785,
                5.659311307758083
            ],
            "bottom-right": [
                0.756496691372785,
                5.340664515832458
            ],
            "bottom-left": [
                0.29180345314791617,
                5.340664515832458
            ]
        },
        "right_eye_info": {
            "top-left": [
                -0.29180345314791617,
                5.659311307758083
            ],
            "top-right": [
                -0.756496691372785,
                5.659311307758083
            ],
            "bottom-right": [
                -0.756496691372785,
                5.340664515832458
            ],
            "bottom-left": [
                -0.29180345314791617,
                5.340664515832458
            ]
        }
    }
}