{
    "eye_infos": {
        "left_eye_info": {
            "top-left": [
                0.3105172706257692,
                4.739071704392565
            ],
            "top-right": [
                0.7795779265031274,
                4.739071704392565
            ],
            "bottom-right": [
                0.7795779265031274,
                4.323293543875577
            ],
            "bottom-left": [
                0.3105172706257692,
                4.323293543875577
            ]
        },
        "right_eye_info": {
            "top-left": [
                -0.3105172706257692,
                4.739071704392565
            ],
            "top-right": [
                -0.7795779265031274,
                4.739071704392565
            ],
            "bottom-right": [
                -0.7795779265031274,
                4.323293543875577
            ],
            "bottom-left": [
                -0.3105172706257692,
                4.323293543875577
            ]
        }
    }
}